Name,Category,ImageUrl,Description (English)
Minimalist Sofa,Sofas,https://i.ibb.co/6J7tmPDt/download-jpg.jpg,"Elevate your living space with our Minimalist Sofa, featuring a sleek white design that perfectly balances comfort and style. Set on a flat, sophisticated wooden base, this sofa combines modern elegance with timeless craftsmanship.

Features:

Exotic Teak Wood construction for durability and charm

Premium cushions for ultimate comfort

Dried export-quality wood, ready for worldwide shipping

Finish customized to your request

Perfect for contemporary living rooms, lounges, or stylish office spaces, this sofa stands out as a statement piece while remaining understated and versatile."
Elegant Teak Sofa,Sofas,https://i.ibb.co/Qv19CVyb/download-jpg.jpg,"Experience the subtle perfection of craftsmanship with a sofa designed to bring warmth and sophistication to any space.

Materials & Quality: Made from premium teak wood, paired with soft, comfortable cushions for lasting comfort.

Design & Finish: Finished according to your preference, ensuring a flawless look that complements any interior.

Measurements & Fit: Thoughtfully designed proportions to fit seamlessly in your living area while offering ample seating.

Additional Details: Crafted from dried, export-quality exotic wood, with stock readily available and worldwide shipping."
Elysian Teak Sofa,Sofas,https://i.ibb.co/YFQJzPJN/download-jpg.jpg,"Indulge in the perfect blend of comfort and modern elegance with a sofa designed to enhance any living space.

Materials & Quality: Crafted from premium teak wood with plush cushions, offering lasting comfort and support.

Design & Finish: Sleek, contemporary design with smooth lines, providing a stylish and inviting seating experience.

Measurements & Fit: Thoughtfully sized to accommodate relaxation, conversation, or quiet moments in style.

Additional Details: Made from dried, export-quality exotic wood, with stock available and worldwide shipping."
Royal Teak Comfort Sofa,Sofas,https://i.ibb.co/ZzKXyJ2w/download-jpg.jpg,"Embrace the perfect blend of elegance and relaxation with a sofa designed to elevate any living space.

Materials & Quality: Crafted from premium teak wood, complemented by soft, durable cushions for enduring comfort.

Design & Finish: Finished as requested, showcasing the natural grain and rich tones of the wood for a refined appearance.

Measurements & Fit: Spacious and inviting, offering a comfortable seating experience without overwhelming your room.

Additional Details: Made from dried, export-quality exotic wood, with stock ready and worldwide shipping available."
Majestic Teak Sofa,Sofas,https://i.ibb.co/hF31GkMF/download-jpg.jpg,"Experience refined comfort and timeless craftsmanship with a sofa that brings both style and warmth to your home.

Materials & Quality: Constructed from premium teak wood, paired with plush cushions for lasting comfort.

Design & Finish: Finished to your preference, highlighting the natural beauty of the wood with a smooth, elegant look.

Measurements & Fit: Generously sized to provide a comfortable seating experience while fitting seamlessly into your living area.

Additional Details: Made from dried, export-quality exotic wood, with stock available and worldwide shipping."
Warm Teak Plush Sofa,Sofas,https://i.ibb.co/gLt13mRX/download-jpg.jpg,"Sink into the inviting comfort of a sofa that combines rich, natural teak with soft, cozy cushions for a truly relaxing experience.

Materials & Quality: Made from high-quality teak wood, paired with plush, soft cushions that offer lasting comfort.

Design & Finish: Finished as requested, highlighting the warm, natural tones of the wood while maintaining a smooth, elegant look.

Measurements & Fit: Generously sized to provide a comfortable seating area without overpowering your living space.

Additional Details: Crafted from dried, export-quality exotic wood, with stock available and worldwide shipping."
Teak Wood Armchair,Side Chairs,https://i.ibb.co/GvLHKk8X/download-jpg.jpg,"Add timeless elegance to any space with our Teak Wood Armchair. Crafted from exotic teak wood and complemented by a comfortable cushion, this chair combines durability with classic style. Its clean design makes it perfect as a standalone piece or as part of a seating arrangement.

Features:

Exotic teak wood construction, dried for export-quality durability

Cushioned seat for comfort

Finish customized to your request

Available for worldwide shipping

Perfect for living rooms, lounges, offices, or any space where style meets functionality."
Teak Wood Armchair with Back Support,Side Chairs,https://i.ibb.co/jZW9LWpC/download-jpg.jpg,"Experience the perfect blend of comfort and elegance with our Teak Wood Armchair, featuring a supportive backrest that cradles you like a cushion without being one. The striking contrast of white upholstery and dark teak wood creates a refined, sophisticated look that enhances any space.

Features:

Exotic teak wood construction, dried for export-quality durability

Comfortable back support, designed for long-lasting comfort

Customizable finish to suit your style

Available for worldwide shipping

Ideal for living rooms, lounges, or stylish office corners, this chair stands out as both a functional and statement piece."
Mahogany Dining Chair,Side Chairs,https://i.ibb.co/XZTXP0kp/download-jpg.jpg,"Elevate your dining experience with our Mahogany Dining Chair, crafted from exotic mahogany wood for durability and style. Featuring a luxurious grey seat and a striking dark wood frame, its square-back design adds a modern, sophisticated touch to any dining space.

Features:

Exotic mahogany wood, dried for export-quality durability

Luxurious cushioned seat in grey

Square-back design for contemporary elegance

Customizable finish to your request

Worldwide shipping available

Perfect for formal dining rooms, upscale restaurants, or stylish home interiors, these chairs combine comfort with a refined, statement-making look."
Golden Accent Teak Dining Chair,Side Chairs,https://i.ibb.co/xK4qdwJ0/download-jpg.jpg,"Experience the perfect blend of elegance and comfort with a chair that brings sophistication to your dining space.

Materials & Quality: Crafted from premium teak wood, featuring plush seating for a comfortable experience.

Design & Finish: Finished as requested, with luxurious golden accents on all four legs adding a refined touch.

Measurements & Fit: Thoughtfully designed to provide comfortable seating while complementing any dining table.

Additional Details: Made from dried, export-quality exotic wood, with stock available and worldwide shipping."
Midnight Teak Armchair,Side Chairs,https://i.ibb.co/V0CMs0Mc/download-jpg.jpg,"Discover the bold elegance of a chair that combines deep, dark teak with soft cushions for a sophisticated and comfortable seating experience.

Materials & Quality: Made from premium dark teak wood, paired with plush cushions for lasting comfort.

Design & Finish: Finished as requested, showcasing the rich, natural tones of the wood for a sleek, refined look.

Measurements & Fit: Designed for individual comfort, perfect as a stylish addition to any living or lounge area.

Additional Details: Crafted from dried, export-quality exotic wood, with stock available and worldwide shipping."
Elegant Teak Lounge Armchair,Side Chairs,https://i.ibb.co/GQNrrY1Z/download-jpg.jpg,"Experience refined comfort with a chair designed for both style and relaxation, featuring a warm, inviting fabric that complements its dark teak frame.

Materials & Quality: Crafted from premium teak wood with a soft, plush cushion and integrated back pillow for added support and comfort.

Design & Finish: Finished as requested, highlighting the deep, rich tones of the wood and the stylish dark fabric for a sophisticated look.

Measurements & Fit: Generously proportioned for comfortable seating, perfect for living rooms or cozy lounge corners.

Additional Details: Made from dried, export-quality exotic wood, with stock available and worldwide shipping."
Artisan Rattan Rope Lounge Chair,Armchairs,https://i.ibb.co/20xK3nZt/download-jpg.jpg,"Elevate your home with a lounge chair that celebrates craftsmanship, elegance, and timeless design.

Materials & Quality: Handcrafted from high-quality rattan with intricately woven rope detailing along the sides, ensuring both durability and a unique aesthetic.

Design & Finish: Professionally designed with fine threading and expert finishing, offering a sophisticated, exclusive look.

Measurements & Fit: Thoughtfully sized for comfortable seating, perfect for living rooms, patios, or serene corners of your home.

Additional Details: Each piece is unique, showcasing meticulous handcrafting, and ready to transform your space with style and elegance."
Shima Rattan Lounge Chair,Armchairs,https://i.ibb.co/FL7yqJcD/download-jpg.jpg,"Bring a touch of tropical serenity into your home with a chair that combines natural materials and gentle curves for a light, inviting presence.

Materials & Quality: Crafted from natural rattan with a smooth, white base and soft, durable finish for lasting use.

Design & Finish: Features elegantly curving arms and a natural walnut finish that highlights the rattan’s beauty, creating a sweet and airy look.

Measurements & Fit: Compact yet comfortable at 56x57x77cm, perfect for creating a cozy reading nook or accent corner.

Additional Details: Designed as an occasional armchair, offering both style and relaxation in any space."
Serene Comfort Lazy Chair,Armchairs,https://i.ibb.co/Zz4MgfQV/download-jpg.jpg,"Embrace the perfect harmony of modern design and effortless relaxation with a chair crafted to elevate both style and comfort.

Materials & Quality: Made with premium-quality materials and finishing, ensuring durability and lasting comfort.

Design & Finish: Timeless and sophisticated design, meticulously crafted to bring elegance to any space.

Measurements & Fit: Thoughtfully designed proportions for comfortable seating in any room.

Additional Details: Ideal for relaxing and unwinding, blending seamlessly with contemporary interiors."
Cloud Teak Sofa,Armchairs,https://i.ibb.co/ycKDyXnD/download-jpg.jpg,"Experience the perfect blend of minimalism and comfort with a sofa designed to feel both inviting and effortlessly stylish.

Materials & Quality: Made from premium dark teak wood with soft, plush white cushions for lasting comfort.

Design & Finish: Low-profile design close to the floor, offering a fluffy, elegant look that complements any color scheme.

Measurements & Fit: Thoughtfully proportioned to fit seamlessly in various living spaces while providing ample seating.

Additional Details: Crafted from dried, export-quality exotic wood, with stock available and worldwide shipping"
Haven Teak Armchair,Armchairs,https://i.ibb.co/ycKDyXnD/download-jpg.jpg,"Relax in refined comfort with a chair that combines soft, inviting fabrics and warm teak wood for a cozy yet stylish seating experience.

Materials & Quality: Crafted from high-quality brown teak wood with light grey fabric covering the arms and cushions, including a supportive back pillow for added comfort.

Design & Finish: Finished as requested, offering a balanced mix of elegance and softness that enhances any interior.

Measurements & Fit: Generously sized for individual comfort, perfect for living rooms, reading nooks, or lounge areas.

Additional Details: Made from dried, export-quality exotic wood, with stock available and worldwide shipping."
Harmony Teak Recliner Chair,Armchairs,https://i.ibb.co/5xcfZDMV/download-jpg.jpg,"Unwind in a chair designed for gentle movement and ultimate relaxation, combining classic craftsmanship with modern comfort.

Materials & Quality: Made from premium teak wood with soft, supportive cushions for lasting comfort.

Design & Finish: Features a small leg rest and a subtle rocking function, allowing you to stretch out and relax effortlessly.

Measurements & Fit: Thoughtfully sized for individual comfort, ideal for living rooms, reading corners, or cozy lounges.

Additional Details: Crafted from dried, export-quality exotic wood, with stock available and worldwide shipping."
Conway Two-Tone Sideboard,Sideboards,https://i.ibb.co/LXp44wD7/download-jpg.jpg,"Bring coastal charm and practical elegance into your home with a sideboard designed for both style and storage.

Materials & Quality: Crafted from high-quality wood with a durable, distressed blue finish for a relaxed, coastal look.

Design & Finish: Two-tone design adds visual interest, blending seamlessly with a variety of interior styles.

Measurements & Fit: Extra-large storage provides ample space for organizing your essentials while maintaining a sleek profile.

Additional Details: Perfect for living rooms, dining areas, or entryways, combining functionality with timeless coastal appeal."
Aura Minimalist Sideboard,Sideboards,https://i.ibb.co/r2BQkyzx/download-jpg.jpg,"Elevate your space with a sideboard that combines clean lines, functional design, and timeless elegance.

Materials & Quality: Crafted from premium teak wood, ensuring durability and a refined, natural finish.

Design & Finish: Minimalist design with a smooth, polished surface that complements any interior style.

Measurements & Fit: Thoughtfully proportioned to provide practical storage while maintaining a sleek, unobtrusive presence.

Additional Details: Made from dried, export-quality exotic wood, with stock available and worldwide shipping."
Luxe Teal Minimalist Sideboard,Sideboards,https://i.ibb.co/4ZPpRkFV/download-jpg.jpg,"Transform your space with a sideboard that blends unique color, modern design, and subtle metallic accents for a striking yet elegant presence.

Materials & Quality: Crafted from premium teak wood with a distinctive teal finish and durable construction for lasting use.

Design & Finish: Features glowing metallic handles for effortless opening, combining functionality with contemporary style.

Measurements & Fit: Thoughtfully sized to provide practical storage while enhancing the aesthetic of any room.

Additional Details: Made from dried, export-quality exotic wood, with stock available and worldwide shipping."
Trio Harmony Minimalist Sideboard,Sideboards,https://i.ibb.co/XfyhsWrJ/download-jpg.jpg,"Enhance your home with a sideboard that stands out through its unique design, elegant craftsmanship, and harmonious combination of elements.

Materials & Quality: Made from premium teak wood, featuring two complementary pieces that add depth and visual interest.

Design & Finish: Finished in a distinctive, carefully curated color that highlights the natural beauty of the wood while offering a modern, sophisticated look.

Measurements & Fit: Thoughtfully proportioned to provide ample storage while serving as a striking centerpiece in any room.

Additional Details: Crafted from dried, export-quality exotic wood, with stock available and worldwide shipping."
Solace Teak Dresser,Sideboards,https://i.ibb.co/76zpfRC/download-jpg.jpg,"Bring elegance and practicality to your space with a dresser that combines refined craftsmanship and timeless design.

Materials & Quality: Crafted from premium teak wood, ensuring durability and a polished, high-quality finish.

Design & Finish: Finished as requested, offering a sleek and sophisticated look that complements any interior.

Measurements & Fit: Thoughtfully sized to provide ample storage while maintaining a balanced, stylish presence.

Additional Details: Made from dried, export-quality exotic wood, with stock available and worldwide shipping."
Lumen White Minimalist Sideboard,Sideboards,https://i.ibb.co/gL534Y9d/download-jpg.jpg,"Illuminate your space with a sideboard that combines clean, bright design with timeless teak craftsmanship.

Materials & Quality: Crafted from premium teak wood with a bright white finish, ensuring durability and elegance.

Design & Finish: Minimalist design that complements any interior style, offering a sleek and modern aesthetic.

Measurements & Fit: Thoughtfully sized to provide practical storage while maintaining a light and unobtrusive presence.

Additional Details: Made from dried, export-quality exotic wood, with stock available and worldwide shipping."
Outdoor Lounge Beds,Outdoor Lounge Beds,https://i.ibb.co/93NPDmxK/download-jpg.jpg,"Bring a touch of tropical serenity to your outdoor space with a chair that blends natural materials and thoughtful design.

Materials & Quality: Crafted from natural rattan with a smooth, durable finish, perfect for outdoor use.

Design & Finish: Circular design with a flat base and elegantly close borders, creating a unique, inviting look.

Measurements & Fit: 150cm in diameter, ideal for lounging comfortably alone or with a companion.

Additional Details: Designed as an occasional lounge chair, offering both style and relaxation in any outdoor setting."
Outdoor Lounge Beds,Outdoor Lounge Beds,https://i.ibb.co/wrdmgvPj/download-jpg.jpg,"Transform your outdoor space into a serene retreat with a chair that combines natural materials and plush comfort.

Materials & Quality: Made from natural rattan with a durable, natural finish, complemented by multiple soft pillows for extra relaxation.

Design & Finish: Slightly elevated on legs with a curved base, offering a stylish and inviting silhouette.

Measurements & Fit: 150cm in diameter, perfect for lounging comfortably while adding a striking centerpiece to your outdoor area.

Additional Details: Designed as an occasional lounge chair, blending rustic island charm with modern comfort."
Shima Egg Rattan Lounge Chair,Outdoor Lounge Beds,https://i.ibb.co/b5cZQmkf/download-jpg.jpg,"Bring a touch of tropical elegance to your home with a chair that combines natural craftsmanship and cozy, inviting design.

Materials & Quality: Crafted from natural rattan with a warm natural walnut finish, ensuring durability and a refined look.

Design & Finish: Unique egg-shaped design that cradles the body, offering both style and comfort for relaxing moments.

Measurements & Fit: Perfectly sized for individual lounging, creating a serene focal point in any living space.

Additional Details: Designed as an occasional lounge chair, blending rustic island charm with modern elegance."
Ergo Teak Wooden Lounger,Outdoor Lounge Beds,https://i.ibb.co/5gBQhzVJ/download-jpg.jpg,"Experience ultimate comfort and timeless elegance with a lounger designed to support your posture while enhancing any space.

Materials & Quality: Crafted entirely from premium teak wood, offering durability and a natural, warm aesthetic.

Design & Finish: Features movable backrest for adjustable comfort, sturdy arms, and a flat base for stability.

Measurements & Fit: Ergonomically designed to provide balanced support and a relaxing seating experience.

Additional Details: Pure wood construction ensures lasting quality and a sophisticated, inviting look in any room."
Harmony Teak Lounger,Outdoor Lounge chairs,https://i.ibb.co/TBxNQkxx/download-jpg.jpg,"Enjoy the perfect blend of comfort and elegance with a lounger thoughtfully designed to support your posture and enhance any space.

Materials & Quality: Crafted from premium teak wood for durability and a naturally warm, inviting appearance.

Design & Finish: Ergonomically designed with a supportive backrest and sturdy arms, offering both style and optimal comfort.

Measurements & Fit: Proportioned to provide balanced seating, ensuring a relaxing and comfortable experience.

Additional Details: Adds a touch of sophistication and warmth to any room, combining functionality with timeless design."
Zenith Minimalist Sectional Sofa,Sofa Sets & Sectionals,https://i.ibb.co/gbJqrSnx/download-jpg.jpg,"Discover the perfect harmony of modern design and lasting comfort with a sofa that brings understated elegance to any living space.

Materials & Quality: Crafted from premium dark wood with durable, high-quality materials for long-lasting use.

Design & Finish: Minimalist sectional design with a wide base, offering both style and a comfortable seating experience.

Measurements & Fit: Generously proportioned to accommodate relaxation, hosting, or quiet moments in your favorite corner.

Additional Details: Ideal for modern homes or apartments, combining simplicity, functionality, and sophisticated design."
Serenity Teak Armchair,Sofa Sets & Sectionals,https://i.ibb.co/Q3Nd60hb/download-jpg.jpg,"Embrace comfort and style with a chair designed to create a welcoming and cozy atmosphere in any space.

Materials & Quality: Crafted from high-quality teak wood with wide wooden borders and soft beige fabric for lasting comfort.

Design & Finish: Features high arms and generous cushioning, offering a supportive and relaxing seating experience.

Measurements & Fit: Thoughtfully sized to provide ample comfort while complementing your room’s layout.

Additional Details: Combines durability, elegance, and a cozy aesthetic to enhance the ambiance of any living area."
Elegance Marble Sofa Set,Sofa Sets & Sectionals,https://i.ibb.co/cKfh2P4y/download-jpg.jpg,"Elevate your living space with a sofa set that blends comfort, style, and sophistication.

Materials & Quality: Crafted with premium cushions and soft fabric, complemented by a polished marble round table for a refined touch.

Design & Finish: Finished as requested, offering a cohesive and elegant look that enhances any interior.

Measurements & Fit: Thoughtfully designed proportions to provide comfortable seating and a practical table for everyday use.

Additional Details: Made from dried, export-quality materials, with stock available and worldwide shipping."
Soho Sky Modular Sofa,Sofa Sets & Sectionals,https://i.ibb.co/My4z1bL6/download-jpg.jpg,"Experience modern comfort and vibrant style with a modular sofa designed to bring warmth and elegance to any living space.

Materials & Quality: Crafted from premium teak wood with soft cushions, featuring bright wood tones and sky-blue upholstery for a fresh, inviting look.

Design & Finish: Sectional design with a wide base and small square legs, combining modern aesthetics with cozy, warm vibes.

Measurements & Fit: Thoughtfully proportioned for ultimate comfort, perfect for lounging, hosting, or creating a stylish centerpiece in your room.

Additional Details: Made from dried, export-quality exotic wood, with stock available and worldwide shipping."
Nova Modern Sofa Set,Sofa Sets & Sectionals,https://i.ibb.co/v6KG8PsB/download-jpg.jpg,"Bring style and comfort to your living room with a sofa set designed for both relaxation and togetherness.

Materials & Quality: Crafted from premium cushions and fabric, paired with a sleek round coffee table for practical elegance.

Design & Finish: Modern design that complements any interior, creating an inviting and cohesive look.

Measurements & Fit: Thoughtfully sized to provide ample seating and a functional table for gatherings.

Additional Details: Perfect for creating a warm, stylish space where family and friends can relax and connect."
Heavenly Cloud Teak Sofa,Sofa Sets & Sectionals,https://i.ibb.co/DPByDCMW/download-jpg.jpg,"Experience the serene elegance of a sofa set that combines dark teak wood with soft white cushions for a truly inviting and sophisticated look.

Materials & Quality: Crafted from premium dark teak wood with plush white cushions, offering lasting comfort and refined style.

Design & Finish: Minimalist cloud-inspired design, blending softness and structure to create a light, airy aesthetic.

Measurements & Fit: Generously sized to provide ample seating, perfect for relaxing, hosting, or enjoying quiet moments.

Additional Details: Made from dried, export-quality exotic wood, with stock available and worldwide shipping."
Majestic Mahogany Dining Set,Designer Dining Sets,https://i.ibb.co/k6DLGtMc/download-jpg.jpg,"A timeless blend of craftsmanship and comfort, this dining set turns every meal into an experience of warmth and refined living.

Details & Craftsmanship:

Material & Quality: Built from premium mahogany wood, offering lasting strength and naturally rich tones.

Finish & Customization: Finished upon request to match your interior with effortless elegance.

Design & Comfort: Soft cushioned seating adds refined comfort to every occasion.

Durability: Made with dried, export-grade wood for superior stability and longevity.

Character: Crafted from exclusive exotic wood lots, each set carries its own unique charm."
Aurora White Dining Set,Designer Dining Sets,https://i.ibb.co/1GWJ2gt4/download-jpg.jpg,"A statement of elegance and modern design, this dining set blends luxurious materials with exceptional craftsmanship.

Details & Craftsmanship:

Material & Quality: White tabletop paired with golden leg base, combining sophistication with strength.

Design & Comfort: White cushioned chairs provide comfortable seating, while the table’s unique design makes it a standout centerpiece.

Durability: Crafted from high-quality materials to ensure long-lasting stability and elegance.

Character: The contrast of bright white and gleaming gold brings a luxurious yet inviting atmosphere to your dining space."
Dynamic Teak Dining Set,Designer Dining Sets,https://i.ibb.co/Rpfts5hW/download-jpg.jpg,"Where elegance meets contemporary design, this dining set transforms every meal into a moment of refined comfort and style.

Details & Craftsmanship:

Material & Quality: Crafted from solid teak wood with a walnut doff finish, combining durability with rich, dark tones.

Design & Comfort: Features a bright white table paired with cloudy white cushioned chairs, offering soft, inviting seating for relaxed dining.

Shape & Character: The abstract table shape adds a modern artistic touch, creating a centerpiece that draws attention without overpowering the space.

Durability: Built from high-quality, dried wood to ensure stability and long-lasting performance.

Atmosphere: The contrast of dark wood and bright white elements provides a balanced, sophisticated look that complements any interior.overpowering the space.

Durability: Built from high-quality, dried wood to ensure stability and long-lasting performance.

Atmosphere: The contrast of dark wood and bright white elements provides a balanced, sophisticated look that complements any interior.
"
Luminous Marble & Teak Dining Set,Designer Dining Sets,https://i.ibb.co/GQ47cDbR/download-jpg.jpg,"A luxurious dining experience crafted with care, where natural elegance meets exceptional comfort.

Details & Craftsmanship:

Material & Quality: Features a white marble table paired with premium teak wood, combining strength with refined beauty.

Finish & Customization: Finished as requested to harmonize with your interior style.

Design & Comfort: Beige cushioned dining chairs offer supreme comfort, while the bright natural wood adds warmth and sophistication.

Durability: Made with dried, export-grade wood to ensure long-lasting stability.

Character: The contrast of marble and teak wood delivers a luxurious yet inviting atmosphere for every dining occasion."
"ChatGPT said:
Radiant Marble & Teak Dining Set",Designer Dining Sets,https://i.ibb.co/F4nzY3nj/download-jpg.jpg,"A refined blend of luxury and warmth, this dining set brings both style and comfort to every gathering.

Details & Craftsmanship:

Material & Quality: White marble table paired with premium teak wood in bright, warm tones for lasting beauty and strength.

Finish & Customization: Finished as requested to perfectly suit your home’s aesthetic.

Design & Comfort: Beige cushioned chairs with a square, sharp design offer both elegance and comfortable seating.

Durability: Crafted from dried, export-grade wood, ensuring stability and longevity.

Character: The combination of glowing wood and crisp marble creates a sophisticated, inviting atmosphere for any dining space."
Cozy Family Lounge Chair,TV Consoles,https://i.ibb.co/VYB9vJnk/download-jpg.jpg,"Experience the simple joy of togetherness with a chair designed for comfort, warmth, and memorable moments.

Details & Craftsmanship:

Material & Quality: Made from high-quality, durable materials to provide long-lasting comfort.

Design & Comfort: Ergonomically designed for relaxing while watching movies, reading, or spending time with family.

Atmosphere: Its soft cushions and supportive structure create a cozy, inviting space that enhances shared moments.

Character: Blends comfort with subtle style, making it a welcoming addition to any living area."
Minimalist Teak Sideboard,TV Consoles,https://i.ibb.co/8DFScqgj/download-jpg.jpg,"A seamless blend of elegance and functionality, this sideboard adds understated sophistication to any space.

Details & Craftsmanship:

Material & Quality: Crafted from premium teak wood, known for its durability and natural beauty.

Design & Character: Unique design standing on short legs creates a light, airy feel while maintaining a sleek silhouette.

Finish & Style: Finished as requested to match your interior, ensuring a smooth and seamless appearance.

Durability: Made from dried, export-grade wood, guaranteeing long-lasting strength and stability.

Atmosphere: Its minimalist and clean lines make it a versatile piece, perfect for elevating both modern and classic interiors."
Teak & Rattan TV Cabinet,TV Consoles,https://i.ibb.co/Y4vk1tHK/download-jpg.jpg,"A stylish and functional centerpiece that brings warmth and elegance to your living room.

Details & Craftsmanship:

Material & Quality: Crafted from premium teak wood combined with rattan detailing, offering durability and natural charm.

Design & Character: Minimalist design with clean lines, blending traditional craftsmanship with modern aesthetics.

Finish & Style: Finished as requested to match your interior and highlight the natural beauty of the materials.

Durability & Stability: Made from dried, export-grade wood for long-lasting strength.

Atmosphere: Its warm tones and textured rattan accents create a welcoming and sophisticated focal point in any living space."
Japandi Teak Nightstand,Bedside Cabinets,https://i.ibb.co/ndR6n8f/download-jpg.jpg,"A perfect blend of simplicity and elegance, this nightstand brings warmth and functionality to your bedroom.

Details & Craftsmanship:

Material & Quality: Crafted from solid teak wood with a natural doff finish, combining durability with a soft, inviting look.

Design & Character: Features a light wood body with dark wood legs, creating a subtle contrast that enhances its modern Japandi style.

Durability & Stability: Firm and solid construction ensures long-lasting use and reliable support.

Functionality: Compact yet practical, perfect for keeping essentials within reach while maintaining a clean, minimalist aesthetic.

Atmosphere: Its warm natural tones and elegant design make it a harmonious addition to any bedroom."
Japandi Elegance Nightstand,Bedside Cabinets,https://i.ibb.co/8gw4b51R/download-jpg.jpg,"A refined piece that blends simplicity with subtle sophistication, perfect for enhancing your bedroom’s style.

Details & Craftsmanship:

Material & Quality: Crafted from solid teak wood with a natural doff finish, combining durability with timeless appeal.

Design & Character: Dark-bright tones create an elegant yet understated look, adding a touch of warmth to your space.

Durability & Stability: Firm and solid construction ensures long-lasting use.

Functionality: Compact and practical, ideal for keeping essentials within reach while maintaining a clean, minimalist aesthetic.

Atmosphere: Balances elegance with simplicity, making it a versatile addition to any bedroom."
Kavsilano Marble Nightstand,Bedside Cabinets,https://i.ibb.co/bMyw8Gxp/download-jpg.jpg,"A modern statement piece that brings elegance and functionality to your bedroom.

Details & Craftsmanship:

Material & Quality: Crafted from mahogany wood with a marble top, combining durability with luxurious appeal.

Design & Character: White body with golden accents and a flat modern base, creating a sleek, contemporary look.

Durability & Stability: Built to be firm and long-lasting, ensuring reliable use.

Functionality: Compact and stylish, perfect for keeping essentials close while elevating the room’s aesthetic.

Atmosphere: Its clean lines and refined contrast add a touch of sophistication to any bedroom."
Kavsilano Nightstand,Bedside Cabinets,https://i.ibb.co/CpZ6J4Hx/download-jpg.jpg,"A stylish addition to any bedroom, combining modern design with practical elegance.

Details & Craftsmanship:

Material & Quality: Crafted from mahogany wood with a marble top, offering durability and a refined look.

Design & Character: Features grey-toned elements with special stylish holders, adding a unique, contemporary touch.

Finish & Style: Duco doff finish enhances its subtle sophistication and smooth texture.

Durability & Stability: Firmly constructed for long-lasting use and reliability.

Atmosphere: Its modern lines and elegant accents make it a standout yet harmonious piece in any bedroom."
Auric Teak Nightstand,Bedside Cabinets,https://i.ibb.co/ZRtw5zKT/download-jpg.jpg,"A modern minimalist piece that brings elegance and sophistication to your bedroom.

Details & Craftsmanship:

Material & Quality: Crafted from premium teak wood with black tones mixed with gold, combining durability with luxurious appeal.

Design & Character: Features golden holders and tall bottom legs, creating a striking and refined silhouette.

Finish & Style: Finished as requested to match your interior design perfectly.

Durability & Stability: Built from dried, export-grade wood for long-lasting strength and reliability.

Atmosphere: Its modern lines and subtle metallic accents add a touch of sophistication to any space."
Serene Teak Dining Set,Dining Sets,https://i.ibb.co/93G0s4BR/download-jpg.jpg,"A natural and calming dining experience, designed to bring simplicity and warmth into your home.

Details & Craftsmanship:

Material & Quality: Crafted from premium teak wood in light, natural tones, highlighting the wood’s organic beauty.

Finish & Customization: Finished as requested to complement your interior with understated elegance.

Design & Comfort: Chairs and table designed for comfortable, relaxed dining with a focus on natural harmony.

Durability: Made from dried, export-grade wood, ensuring long-lasting stability.

Character: With its soft, light wood finish, this set evokes a sense of calm and natural simplicity, perfect for everyday dining.
"
Selly Outdoor Dining Chair,Dining Sets,https://i.ibb.co/ksHJ3PRQ/download-jpg.jpg,"Bring comfort and style to every outdoor meal with this thoughtfully designed chair, perfect for your terrace, garden, or balcony.

Details & Craftsmanship:

Material & Quality: Made from weather-resistant materials to ensure durability and long-lasting use.

Design & Comfort: Ergonomically shaped for relaxed seating, combining support with effortless style.

Durability: Built to withstand outdoor conditions without losing its charm or comfort.

Atmosphere: Its modern, stylish design adds warmth and elegance, making your outdoor dining area inviting and eye-catching."
Dynamic Teak Table,Dining Sets,https://i.ibb.co/ksHJ3PRQ/download-jpg.jpg,"A perfect balance of craftsmanship and contemporary design, this dining table brings elegance and personality to your space.

Details & Craftsmanship:

Material & Quality: Made from solid teak wood with a walnut doff finish, offering strength, durability, and rich, natural tones.

Design & Character: The abstract table shape adds a modern artistic touch, making it a striking centerpiece in any dining area.

Comfort & Style: Pairs beautifully with bright white cushioned chairs to create a warm and inviting dining experience.

Durability: Crafted from high-quality dried wood, ensuring stability and longevity.

Atmosphere: Its elegant contrast of dark teak and bright seating elevates the dining space while maintaining a timeless aesthetic."
Suarwood Elegance Dining Set,Dining Sets,https://i.ibb.co/3yfKf48b/download-jpg.jpg,"A striking combination of strength, style, and comfort, this dining set turns every meal into a warm, inviting experience.

Details & Craftsmanship:

Material & Quality: Crafted from termite-resistant solid suar wood with a dark mixed wood finish, combining durability with natural beauty.

Design & Base: The spacious table features a sturdy metal base, adding modern sophistication and stability.

Comfort & Style: Generously sized for gatherings, creating a cozy and welcoming atmosphere for family and friends.

Durability: Kiln-dried wood ensures long-lasting strength and resilience.

Character: Its bold mix of dark tones and natural wood patterns makes it a unique centerpiece for any dining space."
Lofi Teak Dining Set,Dining Sets,https://i.ibb.co/HTSFSrvY/020aaec3-f195-4032-bf3e-df8b083f8af8-jpg.jpg,"A harmonious blend of natural beauty and comfort, this dining set creates an inviting atmosphere for every meal.

Details & Craftsmanship:

Material & Quality: Crafted from termite-resistant solid teak wood, kiln-dried for lasting durability and strength.

Design & Character: Features a unique, natural-looking table that highlights the wood’s organic patterns and bright tones.

Comfort & Style: Grey-shaded cushioned chairs complement the bright wood, offering relaxed and stylish seating.

Durability: Built from high-quality teak, ensuring stability and long-term use.

Atmosphere: The combination of natural wood tones and muted grey seating creates a warm, modern, and welcoming dining space."
Lofi Teak Elegance Dining Set,Dining Sets,https://i.ibb.co/8qQxbXg/download-jpg.jpg,"Where natural craftsmanship meets subtle sophistication, this dining set brings both comfort and style to your dining space.

Details & Craftsmanship:

Material & Quality: Made from termite-resistant solid teak wood, kiln-dried for durability and long-lasting strength.

Design & Character: Features a dark wood table with uniquely designed chairs, creating a standout yet harmonious look.

Comfort & Style: White fabric cushioned chairs provide soft seating, while the mix of dark wood and bright elements adds elegant contrast.

Durability: Crafted from high-quality materials to ensure stability and enduring beauty.

Atmosphere: Balances elegance with simplicity, making it a timeless addition to any dining space."
PgdWood Rounded Side Table,Side Tables,https://i.ibb.co/SwyYfMr5/download-jpg.jpg,"A minimalist and modern accent that adds elegance and character to any living space.

Details & Craftsmanship:

Material & Quality: Crafted from dark, soft wood, combining durability with a warm, natural look.

Design & Character: Features a special, unique shape with a rounded white tabletop, creating a subtle yet striking centerpiece.

Finish & Style: Smooth, elegant finish highlights the contrast between the dark base and bright tabletop.

Durability & Stability: Carefully constructed to ensure long-lasting use and reliable support.

Atmosphere: Balances modern minimalism with refined elegance, making it a versatile addition to any room."
PgdWood Duo Side Tables,Side Tables,https://i.ibb.co/TB890rZn/download-jpg.jpg,"A modern minimalist duo designed to bring style and functionality to your living space.

Details & Craftsmanship:

Material & Quality: Crafted from dark wood with a smooth, durable finish.

Design & Character: Two-piece set with white rounded tabletops, offering a unique and versatile arrangement.

Finish & Style: Minimalist design emphasizes clean lines and elegant contrasts between dark and bright elements.

Durability & Stability: Built to be stable and long-lasting, perfect for everyday use.

Atmosphere: Adds a sophisticated, modern touch to any living area while remaining practical and stylish."
PgdWood Modern Side Table,Side Tables,https://i.ibb.co/qFNsK8PC/download-jpg.jpg,"A sleek and contemporary piece that brings minimalist elegance to any space.

Details & Craftsmanship:

Material & Quality: Crafted from light wood with a durable, smooth finish.

Design & Character: Features a rounded tabletop supported by tall black legs and a metallic base, creating a striking modern contrast.

Finish & Style: Minimalist design emphasizes clean lines and sophisticated materials.

Durability & Stability: Carefully constructed to ensure long-lasting stability and everyday practicality.

Atmosphere: Blends light natural tones with bold modern accents, making it a versatile addition to any room."
PgdWood Seamless Side Table,Side Tables,https://i.ibb.co/b5W4hncX/download-jpg.jpg,"A minimalist and versatile piece that effortlessly complements any interior style.

Details & Craftsmanship:

Material & Quality: Crafted from bright wood with a smooth, seamless finish for a clean and refined look.

Design & Character: Rounded tabletop with thin, elegant legs creates a light and airy silhouette.

Finish & Style: Minimalist design emphasizes simplicity while blending effortlessly with any décor.

Durability & Stability: Built with care to ensure long-lasting stability and everyday usability.

Atmosphere: Its subtle elegance and natural tones make it a versatile accent for modern, classic, or eclectic interiors."
Suar Natural Stool & Side Table,Side Tables,https://i.ibb.co/XZfvRvfH/download-jpg.jpg,"A versatile and timeless piece that brings organic beauty and functionality to any space.

Details & Craftsmanship:

Material & Quality: Crafted from premium suar wood, showcasing its natural grain and warm tones.

Design & Character: Seamless, flat base with no legs allows it to blend effortlessly with any interior style.

Finish & Style: Finished as requested to highlight the wood’s natural texture and elegance.

Durability & Stability: Solid construction ensures long-lasting strength and reliability.

Atmosphere: Its organic, natural look makes it a perfect fit as a stool, side table, or decorative accent in any setting."
PgdWood Rounded Coffee Table,Coffee Table,https://i.ibb.co/cczc0Kd0/download-jpg.jpg,"A modern minimalist centerpiece that combines style, functionality, and natural beauty.

Details & Craftsmanship:

Material & Quality: Crafted from dark wood mixed with bright tones, highlighting the wood’s natural patterns.

Design & Character: Rounded tabletop with a flat, legless base creates a seamless and unique silhouette.

Finish & Style: Minimalist design emphasizes clean lines and the contrast between dark and bright wood.

Durability & Stability: Solid construction ensures long-lasting stability and reliability.

Atmosphere: Its unique shape and organic tones make it a versatile piece for modern, classic, or eclectic interiors."
Curved Teak Coffee Table,Coffee Table,https://i.ibb.co/ZCMSCXk/download-jpg.jpg,"A refined piece that blends modern design with natural elegance, perfect for any living space.

Details & Craftsmanship:

Material & Quality: Crafted from premium teak wood, showcasing durability and rich natural tones.

Design & Character: Rounded tabletop with subtle black curves along the borders adds a delicate, distinctive touch.

Finish & Style: Finished as requested to highlight the wood’s beauty and smooth texture.

Durability & Stability: Solid construction ensures long-lasting strength and reliability.

Atmosphere: Its minimalist yet elegant design complements a variety of interior styles, from modern to classic."
Crocodile Carving Suarwood Table,Dinning Tables,https://i.ibb.co/q3shzpLH/download-jpg.jpg,"A striking centerpiece that combines artistry, craftsmanship, and natural beauty in a truly unique dining table.

Details & Craftsmanship:

Material & Quality: Crafted from premium suar wood with sturdy iron legs, ensuring durability and stability.

Design & Character: Features a detailed crocodile carving that appears as if emerging from the tabletop, creating a dramatic and artistic focal point.

Finish & Style: Finished as requested to highlight the intricate details and natural beauty of the wood.

Durability & Stability: Built from dried, export-grade wood for long-lasting strength and reliability.

Atmosphere: A bold, unique statement piece that brings character and conversation to any dining space."
Teak Round Dining Set,Dinning Tables,https://i.ibb.co/1GcMq71L/download-jpg.jpg,"A modern and inviting dining set that blends natural warmth with sleek design.

Details & Craftsmanship:

Material & Quality: Crafted from premium teak wood with stainless steel and rattan chairs, combining durability with style.

Design & Character: Round table encourages intimate gatherings, while the mix of materials creates a contemporary look.

Finish & Style: Black doff finish enhances the richness of the wood and complements the metallic elements.

Durability & Stability: Built from dried, export-grade teak to ensure long-lasting strength.

Atmosphere: Its modern yet natural aesthetic makes it a versatile centerpiece for any dining space."
Modern Teak Dining Set,Dinning Tables,https://i.ibb.co/BK7TtpxW/download-jpg.jpg,"A contemporary dining set that combines sleek design with natural elegance, perfect for stylish gatherings.

Details & Craftsmanship:

Material & Quality: Crafted from premium teak wood, offering durability and rich natural tones.

Design & Character: Black tabletop with two sturdy legs creates a unique, modern silhouette.

Finish & Style: Finished as requested to seamlessly match your interior design.

Durability & Stability: Built from dried, export-grade wood for long-lasting strength and reliability.

Atmosphere: Its modern design and clean lines make it a standout piece that elevates any dining space."
Suar & Teak Round Table,Dinning Tables,https://i.ibb.co/cSQ4Syhp/download-jpg.jpg,"A modern and sturdy centerpiece that combines natural beauty with functional design.

Details & Craftsmanship:

Material & Quality: Crafted from premium suar and teak wood, showcasing durability and light, natural tones.

Design & Character: Rounded tabletop with a single leg base creates a clean, modern silhouette.

Finish & Style: Finished as requested to highlight the wood’s natural beauty and smooth texture.

Durability & Stability: Thick and firm construction ensures long-lasting strength and reliable use.

Atmosphere: Its modern yet organic design makes it a versatile and attractive addition to any dining or living space."
Teak Harmony Bedframe,Bed Frames,https://i.ibb.co/2YPm6G0p/download-jpg.jpg,"A perfect blend of strength, natural beauty, and minimalist elegance, designed for restful and stylish sleep.

Details & Craftsmanship:

Material & Quality: Crafted from grade A solid teak wood, termite-resistant and built to last for decades.

Design & Character: Modern minimalist style highlighting the natural grain of teak, offering a timeless and refined look.

Finish & Customization: Available in natural or custom finishes to suit your personal taste and bedroom décor.

Durability & Stability: Engineered for quiet, stable support and long-lasting structural integrity.

Atmosphere: Brings a warm, tropical elegance to bedrooms in residences, hotels, or villas, combining comfort with natural sophistication."
Naufha Teak Bedframe,Bed Frames,https://i.ibb.co/DD1bJfKF/download-jpg.jpg,"A stunning blend of strength, functionality, and modern design, crafted for a restful and elegant bedroom experience.

Details & Craftsmanship:

Material & Quality: Made from solid teak wood with a natural walnut finish, offering durability and timeless beauty.

Design & Character: White, large bedframe with uniquely integrated side cabinets and a legless, strong base, creating a clean and seamless look.

Finish & Style: Highlights the natural grain of teak while providing a sleek, contemporary aesthetic.

Durability & Stability: Sturdy construction ensures long-lasting support and quiet stability.

Atmosphere: Combines modern elegance with practical design, making it a centerpiece for any bedroom."
Teak & Beige Harmony Bedframe,Bed Frames,https://i.ibb.co/FbN0zk85/download-jpg.jpg,"A warm and inviting bedframe that blends natural beauty, comfort, and minimalist elegance.

Details & Craftsmanship:

Material & Quality: Crafted from grade A solid teak wood with a bright brown warm finish, termite-resistant and built to last for decades.

Design & Character: Modern minimalist style complemented by beige fabric accents, highlighting the natural teak grain.

Finish & Customization: Available in natural or custom finishes to perfectly match your bedroom décor.

Durability & Stability: Engineered for quiet, stable support and long-lasting structural integrity.

Atmosphere: Brings warmth and tropical elegance to bedrooms in residences, hotels, or villas, combining comfort with refined style."
Beige Teak Cushioned Bedframe,Bed Frames,https://i.ibb.co/gMPyCGy0/download-jpg.jpg,"A warm and inviting bedframe that combines comfort, elegance, and natural strength.

Details & Craftsmanship:

Material & Quality: Crafted from premium teak wood with full beige-brown shaded fabric coverage, offering durability and a cozy feel.

Design & Character: Softly cushioned design with warm-toned borders, concealing the wood for a seamless and refined look.

Finish & Style: Finished as requested to perfectly match your bedroom aesthetic.

Durability & Stability: Built from dried, export-grade teak to ensure long-lasting strength and quiet support.

Atmosphere: Its elegant fabric finish and warm tones create a comfortable, sophisticated centerpiece for any bedroom."
Elevé Teak Bedframe,Bed Frames,https://i.ibb.co/KpB5skW8/download-jpg.jpg,"A stylish and functional centerpiece that combines modern design with natural teak elegance.

Details & Craftsmanship:

Material & Quality: Crafted from premium teak wood with cushioned elements, offering durability and a touch of comfort.

Design & Character: Uniquely designed with elevated side cabinets, creating a modern and stylish silhouette.

Finish & Style: Finished as requested to complement your bedroom décor and highlight the natural beauty of teak.

Durability & Stability: Built from dried, export-grade teak for long-lasting strength and reliable support.

Atmosphere: Combines practical functionality with contemporary elegance, making it a standout piece in any bedroom."
Teak & Rattan Bedframe,Bed Frames,https://i.ibb.co/Z1V0XF6L/download-jpg.jpg,"A natural and elegant centerpiece that blends durability with timeless style.

Details & Craftsmanship:

Material & Quality: Crafted from premium teak wood with rattan detailing, offering strength, warmth, and natural charm.

Design & Character: Classic yet modern design highlights the beauty of teak and the texture of rattan.

Finish & Style: Finished as requested to complement your bedroom décor and showcase the natural materials.

Durability & Stability: Built from dried, export-grade teak for long-lasting support and reliable use.

Atmosphere: Its warm tones and woven accents create a cozy, stylish, and inviting bedroom centerpiece."